Title, Year
Crab Champions, TBA
Grannys Garden, 1983
The 7th Guest, 1993
Freddy Pharkas: Frontier Pharmacist, 1993
Gabriel Knight: Sins of the Fathers, 1993
Gadget: Invention, Travel, & Adventure, 1993
Alice: An Interactive Museum, 1994
The Bizarre Adventures of Woodruff and the Schnibble, 1994
Freddi Fish and the Case of the Missing Kelp Seeds, 1994
Pitfall: The Mayan Adventure, 1994
Sid Meiers Colonization, 1994
Tuneland, 1994
The 11th Hour, 1995
Angelique Special, 1995
Area 51, 1995
The Beast Within: A Gabriel Knight Mystery, 1995
Beavis and Butt-head in Virtual Stupidity, 1995
Bermuda Syndrome, 1995
Brain Dead 13, 1995
The Circus, 1995
Dust: A Tale of the Wired West, 1995
Earthworm Jim, 1995
Entomorph: Plague of the Darkfall, 1995
Fritz (chess), 1995
Hover!, 1995
Hugo II, Whodunit?, 1995
Hugo III, Jungle of Doom!, 1995
Hugos House of Horrors, 1995
I Have No Mouth, and I Must Scream, 1995
Ignition, 1995
The Journeyman Project 2: Buried in Time, 1995
Kings Quest VII: The Princeless Bride, 1995
Myst, 1995
Nocturnal Illusion, 1995
The Oregon Trail II, 1995
The Orion Conspiracy, 1995
Phantasmagoria, 1995
Putt-Putt Goes to the Moon, 1995
Putt-Putt Joins the Parade, 1995
The Quest, 1995
Shannara, 1995
Shivers, 1995
Simon the Sorcerer II: The Lion, the Wizard and the Wardrobe, 1995
Torins Passage, 1995
9: The Last Resort, 1996
Ace Ventura, 1996
The Adventures of Lomax, 1996
Afterlife, 1996
Age of Sail, 1996
The Amazon Trail, 1996
Amber: Journeys Beyond, 1996
AquaNox, 1996
Birthright: The Gorgons Alliance, 1996
Blood & Magic, 1996
Broken Sword: The Shadow of the Templars, 1996
Clandestiny, 1996
Darby the Dragon, 1996
Dark Sun Online: Crimson Sands, 1996
Descent II, 1996
Discworld II: Missing Presumed...!?, 1996
Dragons Lair II: Time Warp, 1996
Drowned God: Conspiracy of the Ages, 1996
Firo and Klawd, 1996
Frankenstein: Through the Eyes of the Monster, 1996
Freddi Fish and Luthers Maze Madness, 1996
Freddi Fish and Luthers Water Worries, 1996
Freddi Fish 2: The Case of the Haunted Schoolhouse, 1996
Furcadia, 1996
Gregory and the Hot Air Balloon, 1996
Isis, 1996
JumpStart 2nd Grade, 1996
Killing Time, 1996
Leisure Suit Larry: Love for Sail!, 1996
Lighthouse: The Dark Being, 1996
Monty Python & the Quest for the Holy Grail, 1996
The Neverhood, 1996
The Oregon Trail, 1996
The Pandora Directive, 1996
Phantasmagoria: A Puzzle of Flesh, 1996
Putt-Putt and Peps Balloon-o-Rama, 1996
Putt-Putt and Peps Dog on a Stick, 1996
Putt-Putt Saves the Zoo, 1996
Pyst, 1996
Reading Blaster 2000, 1996
The Realm Online, 1996
Resident Evil, 1996
Shizuku, 1996
Sonic CD, 1996
Spycraft: The Great Game, 1996
Street Fighter Alpha 2, 1996
Time Commando, 1996
Timelapse, 1996
Tintin in Tibet, 1996
Titanic: Adventure Out of Time, 1996
Toonstruck, 1996
Toxic Bunny, 1996
Toy Story, 1996
Treasure Quest, 1996
War Gods, 1996
Zork Nemesis, 1996
Atlantis: The Lost Tales, 1997
Betrayal in Antara, 1997
Blade Runner, 1997
Blood Omen: Legacy of Kain, 1997
Blue Heat: The Case of the Cover Girl Murders, 1997
Broken Sword II: The Smoking Mirror, 1997
Byzantine: The Betrayal, 1997
Clock Tower: The First Fear, 1997
The ClueFinders 3rd Grade Adventures: The Mystery of Mathra, 1997
The Curse of Monkey Island, 1997
Dark Earth, 1997
Diablo: Hellfire, 1997
Doctor Who: Destiny of the Doctors, 1997
Dragons Lair, 1997
Duckman: The Legend of the Fall, 1997
Dungeon Keeper, 1997
Ecstatica II, 1997
EVE Burst Error, 1997
Excalibur 2555 AD, 1997
Fighting Force, 1997
Final Fantasy VII, 1997
Frogger 3D, 1997
Grand Theft Auto, 1997
Hexen II, 1997
In the Hunt, 1997
Koala Lumpur: Journey to the Edge, 1997
The Last Express, 1997
Lego Island, 1997
Little Big Adventure 2, 1997
Malice, 1997
MDK, 1997
Montezumas Return, 1997
Nightmare Creatures, 1997
Oddworld: Abes Oddysee, 1997
onEscapee, 1997
The Oregon Trail 3rd Edition, 1997
Outlaws, 1997
Overboard!, 1997
Pax Corpus, 1997
Prisoners of the Sun, 1997
Putt-Putt Travels Through Time, 1997
Qin: Tomb of the Middle Kingdom, 1997
Realms of the Haunting, 1997
Riana Rouge, 1997
Rising Lands, 1997
Shivers II: Harvest of Souls, 1997
The Simpsons: Virtual Springfield, 1997
Sonic R, 1997
Star Trek Generations, 1997
Star Warped, 1997
Star Wars: Shadows of the Empire, 1997
Star Wars: Yoda Stories, 1997
Tomb Raider II, 1997
Treasure Cove!, 1997
Turok: Dinosaur Hunter, 1997
Twinsens Odyssey, 1997
Versailles 1685, 1997
Worms 2, 1997
X-Change, 1997
Zork: Grand Inquisitor, 1997
Amazon Trail 3rd Edition, 1998
Baldurs Gate, 1998
Black Dahlia, 1998
Blaze and Blade: Eternal Quest, 1998
Blood II: The Chosen, 1998
Bugs Life, A, 1998
Clan Lord, 1998
Cracking the Conspiracy, 1998
Critical Point, 1998
Deathtrap Dungeon, 1998
Die by the Sword, 1998
Divi-Dead, 1998
Fallout 2, 1998
Freddi Fish 3: The Case of the Stolen Conch Shell, 1998
Get Medieval, 1998
Gex: Enter the Gecko, 1998
Grim Fandango, 1998
Half-Life, 1998
Heart of Darkness, 1998
Heretic II, 1998
Hexen II Mission Pack: Portal of Praevus, 1998
Hexplore, 1998
Hopkins FBI, 1998
Intellivision Lives!, 1998
Jazz Jackrabbit 2, 1998
The Journeyman Project 3: Legacy of Time, 1998
Kings Quest: Mask of Eternity, 1998
Lauras Happy Adventures, 1998
Lego Creator, 1998
Lineage, 1998
Lovely Girls, 1998
Mankind, 1998
Neon Genesis Evangelion: Iron Maiden, 1998
Nightlong: Union City Conspiracy, 1998
O.D.T., 1998
Oddworld: Abes Exoddus, 1998
Pajama Sam: No Need to Hide When Its Dark Outside, 1998
Pajama Sam 2: Thunder and Lightning Arent so Frightening, 1998
Putt-Putt Enters the Race, 1998
Queen: The eYe, 1998
Quest for Glory V: Dragon Fire, 1998
The Quivering, 1998
Reader Rabbit: 1st Grade, 1998
Return to Krondor, 1998
S.C.A.R.S., 1998
Sanitarium, 1998
Secrets Can Kill, 1998
Shogo: Mobile Armor Division, 1998
Sonic Adventure DX: Directors Cut, 1998
Star Trek: Starship Creator, 1998
Star Wars: Rogue Squadron, 1998
StarCraft, 1998
Starship Titanic, 1998
Symbiocom, 1998
Tex Murphy: Overseer, 1998
Thief: The Dark Project, 1998
Tomb Raider Gold, 1998
Tomb Raider III, 1998
Trespasser, 1998
Turok 2: Seeds of Evil, 1998
Vangers, 1998
Amerzone, 1999
Atlantis II, 1999
Bugs Bunny: Lost in Time, 1999
The ClueFinders 6th Grade Adventures: The Empire of the Plant People, 1999
The ClueFinders Math Adventures, 1999
Codename Eagle, 1999
Croc 2, 1999
Discworld Noir, 1999
Disneys Villains Revenge, 1999
Dracula: Resurrection, 1999
Drakan: Order of the Flame, 1999
Final Fantasy VIII, 1999
Forsaken, 1999
Freddi Fish 4: The Case of the Hogfish Rustlers of Briny Gulch, 1999
Gabriel Knight 3: Blood of the Sacred, Blood of the Damned, 1999
Garage: Bad Dream Adventure, 1999
Grand Theft Auto: London 1969, 1999
Grand Theft Auto: London 1961, 1999
The House of the Dead 2, 1999
Hype: The Time Quest, 1999
Indiana Jones and the Infernal Machine, 1999
Legacy of Kain: Soul Reaver, 1999
Lego Rock Raiders, 1999
Little Fighter 2, 1999
The Longest Journey, 1999
Might and Magic VII: For Blood and Honor, 1999
Motorhead, 1999
Nocturne, 1999
Omikron: The Nomad Soul, 1999
Outcast, 1999
Pharaoh, 1999
Planescape: Torment, 1999
Power Rangers Lightspeed Rescue, 1999
Prince of Persia 3D, 1999
Rayman 2: The Great Escape, 1999
Resident Evil 3: Nemesis, 1999
Revenant, 1999
Scooby-Doo! Mystery of the Fun Park Phantom, 1999
Shadow Man, 1999
Star Trek: Hidden Evil, 1999
Star Wars Episode I: The Phantom Menace, 1999
Stay Tuned for Danger, 1999
They Hunger, 1999
Tomb Raider: The Last Revelation, 1999
Tonic Trouble, 1999
Ultima IX: Ascension, 1999
X-Change 2, 1999
Zero Critical, 1999
102 Dalmatians: Puppies to the Rescue, 2000
Allegiance, 2000
American McGees Alice, 2000
Avernum, 2000
Avernum 2, 2000
Cabelas Big Game Hunter 4, 2000
Crime Cities, 2000
The Crystal Key, 2000
The Devil Inside, 2000
Diablo II, 2000
Dino Crisis 2, 2000
Dracula 2: The Last Sanctuary, 2000
Earthworm Jim 3D, 2000
Escape from Monkey Island, 2000
Evil Dead: Hail to the King, 2000
Evolva, 2000
Genesys, 2000
Giants: Citizen Kabuto, 2000
Grandia II, 2000
Ground Control, 2000
Heavy Metal: F.A.K.K.², 2000
Hitman: Codename 47, 2000
Homeworld: Cataclysm, 2000
In Cold Blood, 2000
Last Call, 2000
Martian Gothic: Unification, 2000
Mega Man Legends 2, 2000
Mega Man X5, 2000
Message in a Haunted Mansion, 2000
Metal Gear Solid, 2000
The New Adventures of the Time Machine, 2000
Nox, 2000
Odyssey: The Search for Ulysses, 2000
Phantasy Star Online, 2000
Pompei: The Legend of Vesuvius, 2000
Putt-Putt Joins the Circus, 2000
RPG Maker 2000, 2000
Rune, 2000
Sacrifice, 2000
Sea Dogs, 2000
The Sims: Livin Large, 2000
Soulbringer, 2000
Spider-Man, 2000
Stupid Invaders, 2000
Summoner, 2000
Thief II: The Metal Age, 2000
Tomb Raider Chronicles, 2000
Vampire: The Masquerade – Redemption, 2000
Warm Up!, 2000
Warriors of Might and Magic, 2000
Xiama, 2000
Zax: The Alien Hunter, 2000
Alone in the Dark: The New Nightmare, 2001
Anarchy Online, 2001
Arthurs Knights, 2001
Arthurs Knights II: The Secret of Merlin, 2001
Atlantis III: The New World, 2001
Atlantis The Lost Empire: Search for the Journal, 2001
Atlantis The Lost Empire: Trial by Fire, 2001
Bittersweet Fools, 2001
Black & White, 2001
The Cameron Files: Secret at Loch Ness, 2001
Clive Barkers Undying, 2001
Commandos 2: Men of Courage, 2001
Crescendo, 2001
Diggles: The Myth Of Fenris, 2001
Do You Like Horny Bunnies?, 2001
Dragon Riders: Chronicles of Pern, 2001
Echelon, 2001
Fade, 2001
The Final Scene, 2001
Freddi Fish 5: The Case of the Creature of Coral Cove, 2001
Frogger: The Great Quest, 2001
G-Darius, 2001
Gothic, 2001
Grand Theft Auto III, 2001
Harukanaru Toki no Naka de 2, 2001
Jack Orlando, 2001
Lego Creator: Harry Potter, 2001
Lego Island 2: The Bricksters Revenge, 2001
Majesty: The Northern Expansion, 2001
Max Payne, 2001
Mega Man X6, 2001
Mias Math Adventure: Just in Time!, 2001
Myst III: Exile, 2001
The Mystery of the Druids, 2001
Necronomicon: The Dawning of Darkness, 2001
New York Race, 2001
Oni, 2001
Onimusha: Warlords, 2001
Original War, 2001
Outlive, 2001
Pajama Sam 3: You Are What You Eat from Your Head to Your Feet, 2001
Paris 1313, 2001
Paris-Dakar Rally, 2001
Phoenix Wright: Ace Attorney, 2001
Pillars of Garendall, 2001
Road to India, 2001
Runaway: A Road Adventure, 2001
Rune: Halls of Valhalla, 2001
Schizm: Mysterious Journey, 2001
Secret Agent Barbie, 2001
Severance: Blade of Darkness, 2001
Shadow of Memories, 2001
Silent Hill 2, 2001
The Sims: Hot Date, 2001
Soul Reaver 2, 2001
SpongeBob SquarePants: Operation Krabby Patty, 2001
Star Trek: Deep Space Nine: Dominion Wars, 2001
Throne of Darkness, 2001
Tintin: Destination Adventure, 2001
Tom Clancys Ghost Recon, 2001
Treasure in the Royal Tower, 2001
Under Ash, 2001
Versailles II: Testament of the King, 2001
Wizardry 8, 2001
Age of Mythology, 2002
Arx Fatalis, 2002
Avernum 3, 2002
Blood Omen 2, 2002
BloodRayne, 2002
The Cameron Files: Pharaohs Curse, 2002
Castlevania, 2002
Conspiracies, 2002
Creator: Harry Potter and the Chamber of Secrets, 2002
Dark Fall, 2002
Darkened Skye, 2002
Dino Island, 2002
Do You Like Horny Bunnies? 2, 2002
Dragons Lair 3D: Return to the Lair, 2002
Earth & Beyond, 2002
The Elder Scrolls III: Morrowind, 2002
The Elder Scrolls III: Tribunal, 2002
Ever 17: The Out of Infinity, 2002
Farscape: The Game, 2002
Final Fantasy XI, 2002
Global Operations, 2002
Grand Theft Auto: Vice City, 2002
Gun Metal, 2002
Harry Potter and the Chamber of Secrets, 2002
Hourglass of Summer, 2002
Icewind Dale II, 2002
Iron Storm, 2002
Jerusalem: The Three Roads to the Holy Land, 2002
Largo Winch: Empire Under Threat, 2002
Law & Order: Dead on the Money, 2002
Lord of the Rings: The Fellowship of the Ring, 2002
Nancy Drew: Ghost Dogs Of Moon Lake, 2002
Neverwinter Nights, 2002
Pac-Man World 2, 2002
Phoenix Wright: Ace Attorney − Justice for All, 2002
Post Mortem, 2002
Red Faction II, 2002
Sam & Max Hit the Road, 2002
Secret of the Scarlet Hand, 2002
Sherlock Holmes: The Mystery of the Mummy, 2002
Silver Knights, 2002
Simon the Sorcerer, 2002
Simon the Sorcerer 3D, 2002
Space Rangers, 2002
SpongeBob SquarePants: Employee of the Month, 2002
Star Trek: Bridge Commander, 2002
Star Wars Jedi Knight II: Jedi Outcast, 2002
State of Emergency, 2002
Syberia, 2002
Telengard, 2002
Thorgal: Curse of Atlantis, 2002
Treasure Planet: Battle at Procyon, 2002
Warrior Kings, 2002
X-Files: Unrestricted Access, 2002
ZanZarah: The Hidden Portal, 2002
Zapper: One Wicked Cricket, 2002
Zwei!!, 2002
The Adventures of Fatman, 2003
Apprentice, 2003
Beyond Good & Evil, 2003
Broken Sword: The Sleeping Dragon, 2003
Chaos Legion, 2003
Chrome, 2003
Clover Hearts, 2003
CSI: Crime Scene Investigation, 2003
Curse: The Eye of Isis, 2003
Danger on Deception Island, 2003
Dungeon Siege: Legends of Aranna, 2003
Dynasty Warriors 4, 2003
The Elder Scrolls III: Bloodmoon, 2003
Endless Ages, 2003
Enter the Matrix, 2003
The Fairly OddParents: Breakin Da Rules, 2003
Finding Nemo, 2003
Flatspace, 2003
Froggers Adventures: The Rescue, 2003
Full Pipe, 2003
Gladiator: Sword of Vengeance, 2003
Gothic II: Night of the Raven, 2003
The Great Escape, 2003
The Haunted Carousel, 2003
The Hobbit, 2003
Homeworld 2, 2003
In Memoriam, 2003
Indiana Jones and the Emperors Tomb, 2003
Inherit the Earth, 2003
Inquisition, 2003
Istaria: Chronicles of the Gifted, 2003
Jack the Ripper, 2003
Kaan: Barbarians Blade, 2003
Kikokugai: The Cyber Slayer, 2003
Law & Order: Double or Nothing, 2003
Legacy of Kain: Defiance, 2003
Lets Meow Meow!, 2003
Lineage II, 2003
Lionheart: Legacy of the Crusader, 2003
Lord of the Rings: The Return of the King, 2003
Lords of EverQuest, 2003
Manhunt, 2003
Mega Man X7, 2003
Metal Gear Solid 2: Sons of Liberty, 2003
Midway Arcade Treasures, 2003
Mysterious Journey II, 2003
Neighbours from Hell, 2003
NetHack, 2003
Nosferatu: The Wrath of Malachi, 2003
The Omega Stone, 2003
Pajama Sam 4: Life Is Rough When You Lose Your Stuff!, 2003
Prince of Persia: The Sands of Time, 2003
Putt-Putt: Peps Birthday Surprise, 2003
Ravenskull, 2003
RHEM, 2003
Robin Hood: Defender of the Crown, 2003
Rocket Mania!, 2003
Salammbo: Battle for Carthage, 2003
Silent Hill 3, 2003
The Simpsons: Hit & Run, 2003
SpongeBob SquarePants: Battle for Bikini Bottom, 2003
Star Wars Galaxies, 2003
Star Wars Jedi Knight: Jedi Academy, 2003
Star Wars: Knights of the Old Republic, 2003
Sydney Mystery, The, 2003
Tomb Raider: The Angel of Darkness, 2003
Top Spin, 2003
True Crime: Streets of LA, 2003
Turok: Evolution, 2003
Typer Shark!, 2003
Uru: Ages Beyond Myst, 2003
X2: Wolverines Revenge, 2003
Yohoho! Puzzle Pirates, 2003
Ys: The Ark of Napishtim, 2003
Zuma, 2003
Alexander, 2004
Alias, 2004
Animamundi: Dark Alchemist, 2004
Asterix & Obelix XXL, 2004
Atlantis Evolution, 2004
Bad Boys: Miami Takedown, 2004
Battlefield Vietnam, 2004
Blades of Avernum, 2004
BloodRayne 2, 2004
Cabelas Big Game Hunter 2005 Adventures, 2004
Catwoman, 2004
City of Heroes, 2004
Conan, 2004
CSI: Dark Motives, 2004
CSI: Miami, 2004
Curse of Blackmoor Manor, 2004
Dark Fall II: Lights Out, 2004
Doom 3, 2004
The Fairly OddParents: Shadow Showdown, 2004
Far Cry, 2004
Fuck Quest, 2004
Fuck Quest 2: Romancing the Bone, 2004
Gish, 2004
Grand Theft Auto: San Andreas, 2004
Ground Control II: Operation Exodus, 2004
Gurumin: A Monstrous Adventure, 2004
Harry Potter and the Prisoner of Azkaban, 2004
I of the Dragon, 2004
Igor, 2004
The Incredibles: When Danger Calls, 2004
Knights of Honor, 2004
Knights of the Temple: Infernal Crusade, 2004
Leisure Suit Larry: Magna Cum Laude, 2004
Lemony Snickets A Series of Unfortunate Events, 2004
Lord of the Rings: The Battle for Middle-earth, 2004
Mabinogi, 2004
The Moment of Silence, 2004
Myst IV: Revelation, 2004
ObsCure, 2004
Onimusha 3: Demon Siege, 2004
Peace@Pieces, 2004
Pitfall: The Lost Expedition, 2004
The Polar Express, 2004
Remember 11: The Age of Infinity, 2004
The Saga of Ryzom, 2004
Scrapland, 2004
Second Sight, 2004
The Secret of Shadow Ranch, 2004
Shark Tale, 2004
Sherlock Holmes: The Case of the Silver Earring, 2004
Shrek 2, 2004
Sid Meiers Pirates!, 2004
Silent Hill 4: The Room, 2004
The Sims 2, 2004
Soul Link, 2004
Star Wars: Knights of the Old Republic II – The Sith Lords, 2004
Steer Madness, 2004
Syberia II, 2004
Tom Clancys Splinter Cell: Pandora Tomorrow, 2004
Two Thrones, 2004
Uncharted Waters Online, 2004
Vampire: The Masquerade – Bloodlines, 2004
World of Warcraft, 2004
X-Change 3, 2004
X-Gold, 2004
Yourself!Fitness, 2004
7 Sins, 2005
80 Days, 2005
Advent Rising, 2005
Agatha Christie: And Then There Were None, 2005
Ankh, 2005
Black & White 2, 2005
Bone: Out from Boneville, 2005
Bratz: Rock Angelz, 2005
Brigade E5: New Jagged Union, 2005
Call of Cthulhu: Dark Corners of the Earth, 2005
Charlie and the Chocolate Factory, 2005
Chicken Little, 2005
The Chronicles of Narnia: The Lion, the Witch and the Wardrobe, 2005
Cold Fear, 2005
Condemned: Criminal Origins, 2005
Constantine, 2005
Devil May Cry 3: Dantes Awakening, 2005
Didi & Ditto First Grade: The Wolf King, 2005
Dystopia, 2005
Earth Universe, 2005
Echo: Secrets of the Lost Cavern, 2005
Ed, Edd n Eddy: The Mis-Edventures, 2005
Evil Dead: Regeneration, 2005
Fahrenheit, 2005
Fantastic Four, 2005
Fate, 2005
Harry Potter and the Goblet of Fire, 2005
Hello Kitty: Roller Rescue, 2005
I Spy Spooky Mansion, 2005
I Spy Spooky Mansion Deluxe, 2005
The Incredibles: Rise of the Underminer, 2005
Jade Empire, 2005
Jingai Makyō, 2005
Journey to Rooted Hold, 2005
Knights of the Temple II, 2005
Kult: Heretic Kingdoms, 2005
Kusari, 2005
Last Train to Blue Moon Canyon, 2005
Lego Star Wars: The Video Game, 2005
Luxor, 2005
Madagascar, 2005
Mega Man X8, 2005
Minerva, 2005
Mornings Wrath, 2005
Myst V: End of Ages, 2005
Mystery Case Files: Huntsville, 2005
N, 2005
Narcissu, 2005
Neon Genesis Evangelion: Iron Maiden 2nd, 2005
Neverwinter Nights: Pirates of the Sword Coast, 2005
Nibiru: Age of Secrets, 2005
Ninjabread Man, 2005
Oppai Slider 2, 2005
Pathologic, 2005
Prince of Persia: The Two Thrones, 2005
Psychonauts, 2005
Repton 3, 2005
RHEM 2: The Cave, 2005
Secret of the Old Clock, 2005
The Sims 2: Nightlife, 2005
The Sims 2: University, 2005
Sniper Elite, 2005
Still Life, 2005
Stolen, 2005
Stubbs the Zombie in Rebel Without a Pulse, 2005
Sudeki, 2005
The Three Musketeers, 2005
Togainu no Chi, 2005
Tom Clancys Splinter Cell: Chaos Theory, 2005
Total Overdose, 2005
True Crime: New York City, 2005
Ultimate Spider-Man, 2005
Weird Worlds: Return to Infinite Space, 2005
Ace Online, 2006
Agatha Christie: Murder on the Orient Express, 2006
Al Emmo and the Lost Dutchmans Mine, 2006
Ankh: Heart of Osiris, 2006
The Ant Bully, 2006
Bad Day L.A., 2006
Barrow Hill: Curse of the Ancient Circle, 2006
Birth of America, 2006
Black & White 2: Battle of the Gods, 2006
Bone: The Great Cow Race, 2006
Bratz Babyz, 2006
Bratz: Forever Diamondz, 2006
Broken Sword: The Angel of Death, 2006
Bully, 2006
Cabelas Alaskan Adventures, 2006
Call of Juarez, 2006
Cars: Radiator Springs Adventures, 2006
Charlottes Web, 2006
City Life, 2006
The Creature of Kapu Cave, 2006
CSI: 3 Dimensions of Murder, 2006
Danger By Design, 2006
Dark and Light, 2006
Desperate Housewives: The Game, 2006
Destroy All Humans! 2, 2006
Dungeons & Dragons Online, 2006
Eragon, 2006
Evidence: The Last Ritual, 2006
Fantasy Earth: Zero, 2006
Guild Wars Factions, 2006
Guild Wars Nightfall, 2006
Happy Feet, 2006
Hero Online, 2006
Hidden Expedition: Titanic, 2006
Just Cause, 2006
Kabus 22, 2006
Keepsake, 2006
Kudos, 2006
Lego Star Wars II: The Original Trilogy, 2006
Lord of the Rings: The Battle for Middle-earth II, 2006
Lord of the Rings: The Battle for Middle-earth II: The Rise of the Witch-king, 2006
Marc Eckōs Getting Up: Contents Under Pressure, 2006
Midway Arcade Treasures Deluxe Edition, 2006
Mystery Case Files: Prime Suspects, 2006
Mystery Case Files: Ravenhearst, 2006
Neighbours from Hell 2: On Vacation, 2006
Neverwinter Nights 2, 2006
Phoenix Wright: Ace Attorney − Trials and Tribulations, 2006
Pirates of the Caribbean: The Legend of Jack Sparrow, 2006
RapeLay, 2006
Runaway 2: The Dream of the Turtle, 2006
Safecracker: The Ultimate Puzzle Adventure, 2006
Sam & Max Save the World, 2006
Scarface: The World Is Yours, 2006
Secret Files: Tunguska, 2006
Sherlock Holmes: The Awakened, 2006
The Ship, 2006
The Sims 2: Open for Business, 2006
Sonic Riders, 2006
Star Wars: Empire at War, 2006
Tomb Raider: Legend, 2006
Vigil: Blood Bitterness, 2006
You Are Empty, 2006
Agatha Christie: Evil Under the Sun, 2007
Alvin and the Chipmunks, 2007
Aquaria, 2007
Avencast: Rise of the Mage, 2007
Azada, 2007
Barbie as the Island Princess, 2007
Beowulf: The Game, 2007
BlackSite: Area 51, 2007
Blockland, 2007
Bratz 4 Real, 2007
The City Beneath, 2007
Crysis, 2007
CSI: Hard Evidence, 2007
Culpa Innata, 2007
Darkness Within: In Pursuit of Loath Nolder, 2007
Dawn of Magic, 2007
Dead Reefs, 2007
Death to Spies, 2007
Destination Treasure Island, 2007
Disney Princess: Enchanted Journey, 2007
Dungeon Runners, 2007
Dynasty Warriors 6, 2007
Falling Stars, 2007
Global Conflict: Palestine, 2007
The Golden Compass, 2007
Great Tree, The, 2007
Guild Wars: Eye of the North, 2007
Harry Potter and the Order of the Phoenix, 2007
Hidden Expedition: Everest, 2007
Home Sweet Home, 2007
Ice Station Santa, 2007
Infernal, 2007
Interpol: The Trail of Dr. Chaos, 2007
Jack Keane, 2007
Legend of the Crystal Skull, 2007
Limbo of the Lost, 2007
Lost Empire, 2007
Lost Planet: Extreme Condition, 2007
Mass Effect, 2007
Meet the Robinsons, 2007
Mr. Robot, 2007
My Horse and Me, 2007
Myst Online: Uru Live, 2007
Mystery Case Files: Madame Fate, 2007
Mystery in London, 2007
Mystery P.I.: The Lottery Ticket, 2007
Nancy Drew: The White Wolf of Icicle Creek, 2007
Nelly Cootalot: Spoonbeaks Ahoy!, 2007
Nostradamus: The Last Prophecy, 2007
Peggle, 2007
Penumbra: Overture, 2007
Pirates of the Caribbean Online, 2007
Pirates of the Caribbean: At Worlds End, 2007
Portal, 2007
Power Rangers: Super Legends, 2007
The Princess Escape, 2007
Robin Hoods Quest, 2007
Root After and Another, 2007
Sam & Max Beyond Time and Space, 2007
Sea Life Safari, 2007
The Secrets of Atlantis: The Sacred Legacy, 2007
The Shield, 2007
Shrek the Third, 2007
Silverfall, 2007
Simon the Sorcerer 4: Chaos Happens, 2007
The Sims 2: Bon Voyage, 2007
The Sims 2: Seasons, 2007
Sinking Island, 2007
Spider-Man: Friend or Foe, 2007
Taito Legends 2, 2007
A Tale of Two Kingdoms, 2007
Thrillville: Off the Rails, 2007
Tomb Raider: Anniversary, 2007
Venture Arctic, 2007
The Witcher, 2007
12Riven: The Psi-Climinal of Integral, 2008
5, 2008
Age of Conan: Hyborian Adventures, 2008
Alone in the Dark, 2008
Assassins Creed, 2008
Asterix at the Olympic Games, 2008
Atlantica Online, 2008
Azada: Ancient Magic, 2008
Barbie Horse Adventures: Riding Camp, 2008
Braid, 2008
Chaos;Head, 2008
Chariots of the Dogs, 2008
The Chronicles of Narnia: Prince Caspian, 2008
Civilization IV: Colonization, 2008
Crysis Warhead, 2008
CSI: NY, 2008
Curse of the Pharaoh: The Quest for Nefertiti, 2008
Dear Esther, 2008
Devil May Cry 4, 2008
Dracula 3: The Path of the Dragon, 2008
Drakensang: The Dark Eye, 2008
DROD RPG: Tendrys Tale, 2008
Edna & Harvey: The Breakout, 2008
Eternitys Child, 2008
Euro Truck Simulator, 2008
Fallen Empire: Legions, 2008
Far Cry 2, 2008
Fate: Undiscovered Realms, 2008
Global Conflicts: Latin America, 2008
Gothic 3: Forsaken Gods, 2008
Grand Theft Auto IV, 2008
The Hardy Boys: The Hidden Theft, 2008
Hidden Expedition: Amazon, 2008
High School Musical 3: Senior Year Dance, 2008
Hinterland, 2008
Iced!, 2008
Imperium Romanum, 2008
Insecticide, 2008
Kara no Shōjo, 2008
Kung Fu Panda, 2008
Lego Indiana Jones: The Original Adventures, 2008
Lights, Camera, Curses, 2008
Lord of the Rings Online: Mines of Moria, 2008
Lost: Via Domus, 2008
Mata Hari, 2008
Mirrors Edge, 2008
Moai Better Blues, 2008
Mystery Case Files: Return to Ravenhearst, 2008
Nancy Drew: The Haunting of Castle Malloy, 2008
Neopets Puzzle Adventure, 2008
Night of the Raving Dead, 2008
Nikopol: Secrets of the Immortals, 2008
ObsCure II, 2008
Overclocked: A History of Violence, 2008
Penumbra: Black Plague, 2008
Penumbra: Requiem, 2008
The Phantom of Venice, 2008
The Princess Bride Game, 2008
Pure, 2008
Rhiannon: Curse of the Four Branches, 2008
Rise of the Argonauts, 2008
Saints Row 2, 2008
Shikkoku no Sharnoth: What a Beautiful Tomorrow, 2008
Silent Hill Homecoming, 2008
The Sims 2: Apartment Life, 2008
The Sims 2: FreeTime, 2008
Space Chimps, 2008
Spider-Man: Web of Shadows, 2008
The Spiderwick Chronicles, 2008
Star Wars: The Force Unleashed, 2008
Stranger, 2008
Strong Bads Cool Game for Attractive People, 2008
Tomb Raider: Underworld, 2008
Totems, 2008
Turok, 2008
A Vampyre Story, 2008
WALL-E, 2008
Whats New, Beelzebub?, 2008
World of Warcraft: Wrath of the Lich King, 2008
Zwei II, 2008
Age of Pirates: Captain Blood, 2009
Assassins Creed II, 2009
Batman: Arkham Asylum, 2009
Bionic Commando, 2009
Blueberry Garden, 2009
Blur, 2009
The Book of Unwritten Tales, 2009
Borderlands, 2009
Call of Juarez: Bound in Blood, 2009
Ceville, 2009
CID The Dummy, 2009
Darkfall, 2009
Death to Spies: Moment of Truth, 2009
Demigod, 2009
Divinity II: Ego Draconis, 2009
Dragon Ball Online, 2009
Edge of Twilight, 2009
Emerald City Confidential, 2009
Explodemon, 2009
F.E.A.R. 2: Project Origin, 2009
Fairytale Fights, 2009
Flock!, 2009
G-Force, 2009
Ghostbusters: The Video Game, 2009
Gobliiins 4, 2009
The Godfather II, 2009
Greys Anatomy: The Video Game, 2009
Harry Potter and the Half-Blood Prince, 2009
Huxley, 2009
Jade Dynasty, 2009
James Camerons Avatar: The Game, 2009
Karma II, 2009
Lego Indiana Jones 2: The Adventure Continues, 2009
Leisure Suit Larry: Box Office Bust, 2009
Lord of the Rings: Conquest, 2009
Lost Planet 2, 2009
The Maw, 2009
Mini Ninjas, 2009
Monsters vs. Aliens, 2009
Neverwinter Nights 2: Mysteries of Westgate, 2009
Night at the Museum: Battle of the Smithsonian, 2009
Order of War, 2009
The Path, 2009
Ransom of the Seven Ships, 2009
Resident Evil 5, 2009
Ride to Hell, 2009
The Saboteur, 2009
Saw, 2009
Secret Files 2: Puritas Cordis, 2009
The Secret of Monkey Island: Special Edition, 2009
Sherlock Holmes Versus Jack the Ripper, 2009
The Sims 3, 2009
Spore Galactic Adventures, 2009
Star Wars: The Clone Wars – Republic Heroes, 2009
Still Life 2, 2009
Tales of Monkey Island, 2009
Three Cards to Midnight, 2009
Tom Clancys H.A.W.X, 2009
Torchlight, 2009
Transformers: Revenge of the Fallen, 2009
Trine, 2009
Venetica, 2009
Wallace & Gromits Grand Adventures, 2009
Warfare, 2009
The Whispered World, 2009
X-Men Origins: Wolverine, 2009
Alien Swarm, 2010
Amnesia: The Dark Descent, 2010
Assassins Creed: Brotherhood, 2010
BioShock 2, 2010
Broken Sword: Shadow of the Templars – The Directors Cut, 2010
The Chronicles of Shakespeare: Romeo & Juliet, 2010
Darkness Within 2: The Dark Lineage, 2010
DC Universe Online, 2010
Dead Rising 2, 2010
DeathSpank, 2010
Ecco the Dolphin, 2010
Final Fantasy XIV, 2010
Homefront, 2010
Just Cause 2, 2010
Lego Universe, 2010
Mafia II, 2010
Mytheon, 2010
Possession, 2010
Sonic the Hedgehog, 2010
Sonic the Hedgehog 4: Episode I, 2010
Steins;Gate, 2010
Super Meat Boy, 2010
Syberia III, 2010
Tom Clancys Splinter Cell: Conviction, 2010
Toy Story 3: The Video Game, 2010
World of Warcraft: Cataclysm, 2010
Assassins Creed: Revelations, 2011
Avadon: The Black Fortress, 2011
The Chronicles of Shakespeare: A Midsummer Nights Dream, 2011
Costume Quest, 2011
Divinity II: The Dragon Knight Saga, 2011
Dragon Age II, 2011
L.A. Noire: The Complete Edition, 2011
Magicka, 2011
Minecraft, 2011
Sonic Generations, 2011
Sonic the Hedgehog 2, 2011
Terraria, 2011
Alan Wake, 2012
Alan Wakes American Nightmare, 2012
Assassins Creed III, 2012
The Basement Collection, 2012
Botanicula, 2012
Closure, 2012
Cross of the Dutchman, 2012
The Dark Eye: Chains of Satinav, 2012
Dark Souls: Prepare to Die Edition, 2012
Dust: An Elysian Tail, 2012
Edna & Harvey: Harveys New Eyes, 2012
Maldita Castilla, 2012
Max Payne 3, 2012
Need for Speed: Most Wanted (2012), 2012
Pokémon TCG Online, 2012
Sonic Adventure 2, 2012
Sonic the Hedgehog 4: Episode II, 2012
Tribes: Ascend, 2012
Amnesia: A Machine for Pigs, 2013
Anodyne, 2013
Assassins Creed IV: Black Flag, 2013
BioShock Infinite, 2013
The Dark Eye: Demonicon, 2013
The Dark Eye: Memoria, 2013
Dead Space 3, 2013
Disney Infinity, 2013
Dream Chamber, 2013
Driftmoon, 2013
Evoland, 2013
Fez, 2013
Pixel Piracy, 2013
Remember Me, 2013
Rogue Legacy, 2013
Tiny Brains, 2013
Tomb Raider, 2013
Wizardry VII: Crusaders of the Dark Savant, 2013
1001 Spikes, 2014
6180 the moon, 2014
The Binding of Isaac: Rebirth, 2014
Castlevania: Lords of Shadow, 2014
Castlevania: Lords of Shadow 2, 2014
Castlevania: Lords of Shadow – Mirror of Fate, 2014
The Deer God, 2014
Delicious - Emilys New Beginning, 2014
Disney Infinity: Marvel Super Heroes, 2014
Dragon Age: Inquisition, 2014
Duck Dynasty, 2014
Final Fantasy XIII, 2014
Gang Beasts, 2014
The Lego Movie Videogame, 2014
Life Goes On, 2014
Orion: Prelude, 2014
Sakura Spirit, 2014
Shadowgate, 2014
Shantae: Riskys Revenge, 2014
The Stomping Land, 2014
Watch Dogs, 2014
World of Diving, 2014
World of Warcraft: Warlords of Draenor, 2014
Adventures of Pip, 2015
Avernum 2: Crystal Souls, 2015
Axiom Verge, 2015
Crypt of the NecroDancer, 2015
Delicious - Emilys Home Sweet Home, 2015
Delicious - Emilys Hopes and Fears, 2015
Disney Infinity 3.0, 2015
Dragon Ball Xenoverse, 2015
Evoland 2, 2015
Fahrenheit: Indigo Prophecy Remastered, 2015
Finding Teddy II, 2015
Grand Theft Auto V, 2015
Life Is Strange, 2015
Need for Speed (2015), 2015
Oceanhorn: Monster of Uncharted Seas, 2015
Ori and the Blind Forest, 2015
Ostrich Island, 2015
Overlord: Fellowship of Evil, 2015
Pony World 3, 2015
Shantae and the Pirates Curse, 2015
Sonic Dreams Collection, 2015
Sonic Lost World, 2015
System Shock: Enhanced Edition, 2015
Tasty Blue, 2015
The Witcher 3: Wild Hunt, 2015
Assassins Creed Syndicate, 2016
The Banner Saga 2, 2016
Chaos;Child, 2016
Darksiders Warmastered Edition, 2016
Delicious - Emilys Christmas Carol, 2016
Delicious - Emilys Message in a Bottle, 2016
Deus Ex: Mankind Divided, 2016
Dragon Ball Xenoverse 2, 2016
Earthlock: Festival of Magic, 2016
Gal*Gun: Double Peace, 2016
Layers of Fear, 2016
Mighty No. 9, 2016
Portal Knights, 2016
Steins;Gate 0, 2016
Through the Woods, 2016
World of Warcraft: Legion, 2016
Zero Time Dilemma, 2016
Assassins Creed Origins, 2017
Cat Quest, 2017
Cuphead, 2017
Flying Tigers: Shadows Over China, 2017
Full Throttle Remastered, 2017
A Hat in Time, 2017
Hollow Knight, 2017
Lego City Undercover, 2017
Lego Marvel Super Heroes 2, 2017
Oceanhorn 2: Knights of the Lost Realm, 2017
Oh...Sir! The Hollywood Roast, 2017
Outlast 2, 2017
Phantom Trigger, 2017
PlayerUnknowns Battlegrounds, 2017
Poi, 2017
Putty Pals, 2017
Snake Pass, 2017
Super Luckys Tale, 2017
Yooka-Laylee, 2017
428: Shibuya Scramble, 2018
Assassins Creed Odyssey, 2018
Chuchel, 2018
Dark Souls: Remastered, 2018
Dead Cells, 2018
Final Fantasy XV: Windows Edition, 2018
Lamplight City, 2018
Life Is Strange 2, 2018
Lost Sphear, 2018
MapleStory 2, 2018
Red Dead Redemption 2, 2018
Valkyria Chronicles 4, 2018
We Happy Few, 2018
World of Warcraft: Battle for Azeroth, 2018
Yokus Island Express, 2018
Blasphemous, 2019
Detroit: Become Human, 2019
Feudal Alloy, 2019
Gears 5, 2019
Ghostbusters: The Video Game Remastered, 2019
GreedFall, 2019
Green Hell, 2019
Queens Wish: The Conqueror, 2019
Shakedown: Hawaii, 2019
Shantae and the Seven Sirens, 2019
Star Wars Jedi: Fallen Order, 2019
Steins;Gate: Linear Bounded Phenogram, 2019
ToeJam & Earl: Back in the Groove, 2019
Wayward Souls, 2019
Assassins Creed Valhalla, 2020
Chicory: A Colorful Tale, 2020
Cube Escape Collection, 2020
Death Come True, 2020
Destroy All Humans, 2020
Dirt 5, 2020
Disease: Hidden Object, 2020
Dragon Quest XI, 2020
Necrobarista, 2020
Panzer Paladin, 2020
Gal*Gun Returns, 2021
Hello Neighbor 2, 2021
Hood: Outlaws & Legends, 2021
Super Animal Royale, 2021
Pragmata, 2022