Title,Year
Spaceward Ho!,1990
SimFarm,1993
Lords of the Realm,1994
Sid Meiers Colonization,1994
SimTower,1994
Angelique Special,1995
Area 51,1995
Chessmaster 4000,1995
Comanche 2,1995
Fleet Defender Gold,1995
Fury3,1995
Madden NFL 96,1995
Marios Game Gallery,1995
MechWarrior 2: 31st Century Combat,1995
The Oregon Trail II,1995
SimCity,1995
SimCity 2000,1995
SimIsle: Missions in the Rainforest,1995
SimTown,1995
True Love,1995
Virtual Pool,1995
The Amazon Trail,1996
AquaNox,1996
Close Combat,1996
Deadly Tide,1996
Descent II,1996
Earthsiege 2,1996
F-22 Lightning II,1996
Fire Fight,1996
Flight Unlimited,1996
Furcadia,1996
Grand Prix Manager 2,1996
Hind,1996
Janes US Navy Fighters,1996
Microsoft Flight Simulator for Windows 95,1996
NASCAR Racing 2,1996
Netrek,1996
The Oregon Trail,1996
SimCopter,1996
SimGolf,1996
SimPark,1996
SimTunes,1996
Steven Spielbergs Directors Chair,1996
Su-27 Flanker,1996
Titanic: Adventure Out of Time,1996
Tom Clancys SSN,1996
Top Gun: Fire At Will,1996
Triple Play 97,1996
Wing Commander IV: The Price of Freedom,1996
Ayakashi Ninden Kunoichiban,1997
Carmageddon,1997
Comanche 3,1997
Constructor,1997
Darklight Conflict,1997
Dungeon Keeper,1997
Enemy Nations,1997
Evolution: The Game of Intelligent Life,1997
F-22 Raptor,1997
FIFA Soccer Manager,1997
Flight Unlimited II,1997
Forbes Corporate Warrior,1997
Fragile Allegiance,1997
Front Page Sports: Football Pro 98,1997
G-Police,1997
Gizmos & Gadgets!,1997
"I-War, Independence War",1997
International Rally Championship,1997
Interstate 76,1997
Interstate 76 Nitro Pack,1997
Joint Strike Fighter,1997
Lego Island,1997
Longbow Gold,1997
Longbow 2,1997
Microsoft Flight Simulator 98,1997
NBA Live 98,1997
Need for Speed II,1997
The Oregon Trail 3rd Edition,1997
RayForce,1997
Red Baron II,1997
SODA Off-Road Racing,1997
Star Trek Generations,1997
Star Trek: Starfleet Academy,1997
Star Wars: X-Wing vs. TIE Fighter,1997
Theme Hospital,1997
Tokimeki Memorial,1997
Tony La Russa Baseball 4,1997
Virtual Pool 2,1997
Wing Commander: Prophecy,1997
Wing Commander: Prophecy Special Edition,1997
Age of Empires: The Rise of Rome,1998
Amazon Trail 3rd Edition,1998
Anno 1602,1998
Barbie Riding Club,1998
Carnivores,1998
Close Combat III: The Russian Front,1998
Colin McRae Rally,1998
Combat Flight Simulator WWII Europe Series,1998
CyberStrike 2,1998
Deer Hunter Companion,1998
Deer Hunter II: The Hunt Continues,1998
Deer Hunters Extended Season,1998
Deer Hunter II: Extended Season,1998
Descent: FreeSpace – The Great War,1998
Emergency,1998
European Air War,1998
F-22 Total Air War,1998
Falcon 4.0,1998
FIFA 99,1998
Firearms,1998
Get Medieval,1998
Grand Prix Legends,1998
Incoming,1998
Intellivision Lives!,1998
Janes F-15,1998
Janes WWII Fighters,1998
Knights and Merchants: The Shattered Kingdom,1998
Lego Loco,1998
Lula: The Sexy Empire,1998
M1 Tank Platoon II,1998
Madden NFL 99,1998
MechCommander,1998
Microsoft Golf 1998 Edition,1998
MiG-29 Fulcrum,1998
Monster Truck Madness 2,1998
NAM,1998
NBA Live 99,1998
Need for Speed III: Hot Pursuit,1998
NFL GameDay 99,1998
Police Quest: SWAT 2,1998
Pro Pinball: Big Race USA,1998
Soldiers at War,1998
Star Trek: Starship Creator,1998
Thief: The Dark Project,1998
Top Gun: Hornets Nest,1998
Viper Racing,1998
Wing Commander: Secret Ops,1998
X-COM: Interceptor,1998
Babyz,1999
Caesar III,1999
Carnivores 2,1999
Civilization II: Test of Time,1999
Civilization: Call to Power,1999
Creatures 3,1999
Cutthroats: Terror on the High Seas,1999
Deer Hunter 3: The Legend Continues,1999
Descent 3: Mercenary,1999
F-22 Lightning 3,1999
Fighter Squadron: The Screamin Demons Over Europe,1999
Flight Unlimited III,1999
Formula One 99,1999
Forsaken,1999
Freeciv,1999
FreeSpace 2,1999
Gearhead Garage,1999
Hoyles Backgammon & Cribbage,1999
Interstate 82,1999
Jagged Alliance 2,1999
Janes USAF,1999
Jimmy Whites 2: Cueball,1999
King of Dragon Pass,1999
Lego Rock Raiders,1999
Madden NFL 2000,1999
MechWarrior 3,1999
MechWarrior 3: Pirates Moon,1999
Microsoft Flight Simulator 2000,1999
Midtown Madness,1999
MiG Alley,1999
Missile Command,1999
Mobil 1 Rally Championship,1999
NASCAR Legends,1999
NASCAR Racing 1999 Edition,1999
NBA Live 2000,1999
Need for Speed: High Stakes,1999
Panzer Elite,1999
Redline,1999
RollerCoaster Tycoon,1999
The Settlers III: Quest of the Amazons,1999
SimCity 3000,1999
Star Wars: X-Wing Alliance,1999
SWAT 3: Close Quarters Battle,1999
Test Drive 6,1999
Theme Park World,1999
Tom Clancys Rainbow Six: Rogue Spear,1999
Triple Play 2000,1999
X: Beyond the Frontier,1999
Airfix Dogfighter,2000
Airport Tycoon,2000
B-17 Flying Fortress: The Mighty 8th,2000
Bang! Gunship Elite,2000
Beach Head 2000,2000
Cabelas Big Game Hunter 4,2000
Championship Manager: Season 00/01,2000
Colin McRae Rally 2.0,2000
Combat Flight Simulator 2,2000
Combat Mission: Beyond Overlord,2000
Crimson Skies,2000
Dirt Track Racing,2000
Dirt Track Racing: Sprint Cars,2000
Elasto Mania,2000
Empire of the Ants,2000
Enemy Engaged: RAH-66 Comanche vs. KA-52 Hokum,2000
Europa Universalis,2000
Europa Universalis: Crown of the North,2000
F1 2000,2000
F1 Manager,2000
F1 Racing Championship,2000
Fast Food Tycoon,2000
Homeworld: Cataclysm,2000
Hoyle Casino,2000
Innova Disc Golf,2000
Lego Creator: Knights Kingdom,2000
Legoland,2000
Madden NFL 2001,2000
Majesty: The Fantasy Kingdom Sim,2000
MechWarrior 4: Vengeance,2000
Midtown Madness 2,2000
NASCAR 2000,2000
NBA Live 2001,2000
Need for Speed: Porsche Unleashed,2000
Orbiter,2000
Reach for the Stars,2000
Rowans Battle of Britain,2000
The Sims: Livin Large,2000
Star Trek: Klingon Academy,2000
Starlancer,2000
StarPeace,2000
Submarine TITANS,2000
Summoner,2000
Tachyon: The Fringe,2000
Thief II: The Metal Age,2000
Tony Hawks Pro Skater 2,2000
X-Tension,2000
4x4 EVO 2,2001
Age of Sail II,2001
Alchemy,2001
Carnivores Ice Age,2001
Casino Tycoon,2001
Championship Manager: Season 01/02,2001
Comanche 4,2001
The Corporate Machine,2001
DarkSpace,2001
Deadly Dozen,2001
Deer Hunter 4: World-Class Record Bucks,2001
Deer Hunter 5: Tracking Trophies,2001
Descent 3 (White Label Edition),2001
Empire Earth,2001
Eurofighter Typhoon,2001
Europa Universalis II,2001
Fast Food Tycoon 2,2001
Frank Herberts Dune,2001
Golf Resort Tycoon,2001
Harukanaru Toki no Naka de 2,2001
IL-2 Sturmovik,2001
Independence War 2: Edge of Chaos,2001
Intellivision Rocks,2001
Knights and Merchants: The Peasants Rebellion,2001
Lego Island 2: The Bricksters Revenge,2001
Majesty: The Northern Expansion,2001
MechCommander 2,2001
MechWarrior 4: Black Knight,2001
The Messenger,2001
Microsoft Flight Simulator 2002,2001
Microsoft Train Simulator,2001
Monopoly Tycoon,2001
Moon Tycoon,2001
NASCAR Racing 4,2001
NBA Live 2002,2001
Neon Genesis Evangelion: Ayanami Raising Project,2001
Operation Flashpoint: Cold War Crisis,2001
Rails Across America,2001
Rally Championship Xtreme,2001
Rally Trophy,2001
Robot Wars: Arenas of Destruction,2001
Scan Command: Jurassic Park,2001
Screamer 4x4,2001
The Settlers IV,2001
The Sims: Hot Date,2001
Skateboard Park Tycoon,2001
Ski Resort Tycoon,2001
Ski Resort Tycoon II,2001
Star Trek: Deep Space Nine: Dominion Wars,2001
Star Wars: Galactic Battlegrounds,2001
Star Wars: TIE Fighter,2001
Star Wars: TIE Fighter (Collectors CD-ROM),2001
Startopia,2001
State of War,2001
Stronghold,2001
Survival: The Ultimate Challenge,2001
Theme Park Inc,2001
Traffic Giant,2001
tranquility,2001
Tropico,2001
The Weakest Link,2001
Activision Anthology,2002
Battlefield 1942,2002
Big Biz Tycoon,2002
Black & White: Creature Isle,2002
Bratz,2002
Casino Empire,2002
Chessmaster 9000,2002
Civilization III: Play the World,2002
Combat Flight Simulator 3: Battle for Europe,2002
Combat Mission II: Barbarossa to Berlin,2002
Emperor: Rise of the Middle Kingdom,2002
Empire Earth: The Art of Conquest,2002
Europa 1400: The Guild,2002
Golf Resort Tycoon II,2002
Hoyle Casino Empire,2002
Lemonade Tycoon,2002
Madden NFL 2003,2002
Mall Tycoon,2002
MechWarrior 4: Mercenaries,2002
Medieval: Total War,2002
Michael Schumacher Racing World Kart 2002,2002
My Disney Kitchen,2002
NASCAR Racing 2002 Season,2002
NASCAR Thunder 2003,2002
Need for Speed: Hot Pursuit 2,2002
Progress Quest,2002
Project Nomads,2002
Rally Championship,2002
Rock Manager,2002
Salt Lake 2002,2002
Sid Meiers SimGolf,2002
Silent Hunter II,2002
The Sims Online,2002
Ski Park Manager,2002
Space Rangers,2002
Speed Challenge: Jacques Villeneuves Racing Vision,2002
Stair Dismount,2002
Star Trek: Bridge Commander,2002
Star Trek: Starfleet Command III,2002
Strike Fighters: Project 1,2002
Stronghold: Crusader,2002
Test Drive,2002
Total Club Manager 2003,2002
Total Immersion Racing,2002
Tropico: Paradise Island,2002
Warlords Battlecry II,2002
Xplosiv Top Ten,2002
Zoo Tycoon: Dinosaur Digs,2002
Airport Tycoon 2,2003
Airport Tycoon 3,2003
Anno 1503,2003
AquaNox 2: Revelation,2003
Atlantis Underwater Tycoon,2003
Battle Engine Aquila,2003
Battlefield 1942: Secret Weapons of WWII,2003
Battlefield 1942: The Road to Rome,2003
Big Biz Tycoon 2,2003
Cabelas Dangerous Hunts,2003
Car Tycoon,2003
"Casino, Inc.",2003
Championship Manager 4,2003
Championship Manager: Season 03/04,2003
Civilization III: Conquests,2003
Colin McRae Rally 04,2003
Combat Mission: Afrika Korps,2003
Cruise Ship Tycoon,2003
CSI: Crime Scene Investigation,2003
Deep Sea Tycoon,2003
Deer Hunter 2004,2003
Digger,2003
Enigma: Rising Tide,2003
Eve Online,2003
F1 Challenge 99-02,2003
Flatspace,2003
Freelancer,2003
IL-2 Sturmovik: Forgotten Battles,2003
Impossible Creatures,2003
Jurassic Park: Operation Genesis,2003
Live for Speed,2003
Lock On: Modern Air Combat,2003
Madden NFL 2004,2003
Mall Tycoon 2,2003
Microsoft Flight Simulator 2004: A Century of Flight,2003
NASCAR Racing 2003 Season,2003
NASCAR Thunder 2004,2003
NBA Live 2004,2003
"Port Royale: Gold, Power and Pirates",2003
Pro Evolution Soccer 3,2003
Republic: The Revolution,2003
Restaurant Empire,2003
Rise of Nations,2003
RollerCoaster Tycoon 2,2003
SeaWorld Adventure Parks Tycoon,2003
Secret Weapons Over Normandy,2003
SimCity 4,2003
Singles: Flirt Up Your Life,2003
Space Empires: Starfury,2003
Survival Project,2003
Tom Clancys Ghost Recon: Island Thunder,2003
Tom Clancys Rainbow Six 3: Raven Shield,2003
Top Gun: Combat Zones,2003
Top Spin,2003
Total Club Manager 2004,2003
Tropico 2: Pirate Cove,2003
World Basketball Manager,2003
X2: The Threat,2003
XIII,2003
Zuma,2003
Atari Anthology,2004
Battlefield Vietnam,2004
BreakQuest,2004
Cabelas Big Game Hunter 2005 Adventures,2004
Cabelas Deer Hunt: 2005 Season,2004
Chris Sawyers Locomotion,2004
Codename: Panzers,2004
Colin McRae Rally 2005,2004
Crusader Kings,2004
Deer Hunter 2005,2004
Evil Genius,2004
Firepower,2004
Fish Tycoon,2004
Full Spectrum Warrior,2004
Immortal Cities: Children of the Nile,2004
Insaniquarium,2004
Iron Warriors: T-72 Tank Commander,2004
JFK: Reloaded,2004
John Deere: American Farmer,2004
Lemonade Tycoon 2,2004
Lords of the Realm III,2004
Madden NFL 2005,2004
Medieval Conquest,2004
NBA Live 2005,2004
Need for Speed: Underground 2,2004
Nexus: The Jupiter Incident,2004
NHL Eastside Hockey Manager,2004
Outpost Kaloki,2004
Pacific Fighters,2004
Perimeter,2004
The Political Machine,2004
Port Royale 2,2004
Richard Burns Rally,2004
RollerCoaster Tycoon 3,2004
School Tycoon,2004
Sid Meiers Pirates!,2004
The Sims 2,2004
Ski Resort Extreme,2004
Space Combat,2004
Space Rangers 2: Dominators,2004
Star Wars Galaxies: Jump to Lightspeed,2004
SuperPower 2,2004
Total Club Manager 2005,2004
Uncharted Waters Online,2004
Universal Combat,2004
Vegas Tycoon,2004
Wings of Power: WWII Heavy Bombers and Jets,2004
Wings of War,2004
Wings Over Vietnam,2004
X-Gold,2004
Xpand Rally,2004
Zoo Empire,2004
Zoo Tycoon 2,2004
Zoo Vet,2004
Area 51,2005
Battle of Britain II: Wings of Victory,2005
Blitzkrieg 2,2005
Bratz: Rock Angelz,2005
Brigade E5: New Jagged Union,2005
Brothers in Arms: Road to Hill 30,2005
Cabelas Dangerous Hunts 2,2005
Championship Manager 5,2005
Civilization IV,2005
Coffee Tycoon,2005
Cold War,2005
Cossacks II: Napoleonic Wars,2005
Cross Racing Championship 2005,2005
Dangerous Waters,2005
Democracy,2005
Dofus,2005
Domination,2005
Donald Trumps Real Estate Tycoon,2005
Dystopia,2005
Eclipse,2005
Empire Earth II,2005
Falcon 4.0: Allied Force,2005
Football Manager,2005
Football Manager 2005,2005
Garrys Mod,2005
GT Legends,2005
GTR – FIA GT Racing Game,2005
Gun,2005
Heroes of the Pacific,2005
Juiced,2005
Madden NFL 06,2005
Mall of America Tycoon,2005
Multi Theft Auto,2005
NASCAR SimRacing,2005
NBA Live 06,2005
Need for Speed: Most Wanted,2005
Oppai Slider 2,2005
Pariah,2005
Pizza Frenzy,2005
Playboy: The Mansion,2005
Prison Tycoon,2005
Pro Cycling Manager,2005
Rome: Total War: Barbarian Invasion,2005
Silent Hunter III,2005
The Sims 2: Nightlife,2005
The Sims 2: University,2005
Singles 2: Triple Trouble,2005
Stalingrad,2005
Starship Troopers,2005
Stolen,2005
Stronghold 2,2005
Supreme Ruler 2010,2005
SWAT 4,2005
Tabloid Tycoon,2005
War World,2005
Weird Worlds: Return to Infinite Space,2005
Wildlife Tycoon: Venture Africa,2005
World Series of Poker,2005
World War II Online,2005
X3: Reunion,2005
Zoo Tycoon 2: Endangered Species,2005
Age of Empires III: The WarChiefs,2006
Age of Pirates: Caribbean Tales,2006
Air Assault Task Force,2006
Anno 1701,2006
ARMA: Armed Assault,2006
Black & White 2: Battle of the Gods,2006
Blazing Angels: Squadrons of WWII,2006
Cabelas African Safari,2006
Cabelas Alaskan Adventures,2006
Caesar IV,2006
Championship Manager 2006,2006
Championship Manager 2007,2006
Civilization IV: Warlords,2006
Curious George,2006
Cute Knight,2006
DarkStar One,2006
Desperate Housewives: The Game,2006
Empire Earth II: The Art of Supremacy,2006
Factorio,2006
First Battalion,2006
Football Manager 2007,2006
Frets on Fire,2006
Full Spectrum Warrior: Ten Hammers,2006
Game Tycoon,2006
GTR 2 – FIA GT Racing Game,2006
Horsez,2006
Madden NFL 07,2006
Medieval II: Total War,2006
Microsoft Flight Simulator X,2006
The Movies: Stunts & Effects,2006
NBA Live 07,2006
netKar Pro,2006
NFL Head Coach,2006
NHL 07,2006
NHL Eastside Hockey Manager 2007,2006
Oolite,2006
Over the Hedge,2006
Pacific Storm,2006
Panzer Elite Action: Fields of Glory,2006
Pet Pals: Animal Doctor,2006
Prison Tycoon 2: Maximum Security,2006
Pro Evolution Soccer 6,2006
Re-Mission,2006
Rebel Raiders: Operation Nighthawk,2006
Red Orchestra: Ostfront 41-45,2006
Rise: The Vieneo Province,2006
Rome: Total War: Alexander,2006
Rugby 06,2006
Scratches,2006
The Settlers II,2006
Ship Simulator,2006
Sid Meiers Railroads!,2006
The Sims 2: Open for Business,2006
The Sims 2: Pets,2006
Snoopy vs. the Red Baron,2006
Space Empires V,2006
Stacked with Daniel Negreanu,2006
Star Wars: Empire at War,2006
Starshatter: The Gathering Storm,2006
Stronghold Legends,2006
Top Spin 2,2006
Tycoon City: New York,2006
Ultimate Duck Hunting,2006
Virtual Villagers,2006
Wildlife Park 2,2006
Wings Over Europe,2006
Zoo Tycoon 2: African Adventure,2006
Zoo Tycoon 2: Dino Danger Pack,2006
1914 Shells of Fury,2007
Age of Chivalry,2007
Attack on Pearl Harbor,2007
Battlestations: Midway,2007
Blazing Angels 2: Secret Missions of WWII,2007
Build-a-lot,2007
Bus Driver,2007
Championship Manager 2008,2007
Chocolatier,2007
Civilization IV: Beyond the Sword,2007
Close Combat: Cross of Iron,2007
Close Combat: Modern Tactics,2007
Colin McRae: Dirt,2007
Combat Mission: Shock Force,2007
Democracy 2,2007
Diner Dash: Hometown Hero,2007
Empire Earth III,2007
Enemy Engaged 2,2007
Evochron Alliance,2007
Evochron Renegades,2007
Fairy Godmother Tycoon,2007
FIFA 08,2007
FIFA Manager 08,2007
Football Manager 2008,2007
Guitar Hero III: Legends of Rock,2007
Hospital Tycoon,2007
Imagine: Animal Doctor,2007
Imagine: Fashion Designer,2007
Industryplayer,2007
International Cricket Captain III,2007
Kudos: Rock Legend,2007
Madden NFL 08,2007
Making History: The Calm & The Storm,2007
MotoGP 07,2007
MySims,2007
NBA Live 08,2007
Need for Speed: ProStreet,2007
Panzer Elite Action: Dunes of War,2007
PeaceMaker,2007
Princess Maker 5,2007
Prison Tycoon 3: Lockdown,2007
Puppy Luv,2007
Rail Simulator,2007
Rugby 08,2007
Sea Life Safari,2007
Silent Hunter 4: Wolves of the Pacific,2007
SimCity Societies,2007
The Sims 2: Bon Voyage,2007
The Sims 2: Seasons,2007
The Sims Pet Stories,2007
Surfs Up,2007
Switchball,2007
Taito Legends 2,2007
Tarr Chronicles,2007
Theatre of War,2007
Thrillville: Off the Rails,2007
Tiger Woods PGA Tour 08,2007
Venice,2007
Venture Arctic,2007
Wedding Dash,2007
World in Conflict,2007
World of Padman,2007
World Series of Poker 2008: Battle for the Bracelets,2007
Zoo Tycoon 2: Extinct Animals,2007
Ai Space,2008
Babysitting Mania,2008
Barbie Fashion Show: An Eye for Style,2008
Burnout Paradise,2008
Chess Crusade,2008
Civilization IV: Colonization,2008
Close Combat: Wacht am Rhein,2008
Commander in Chief,2008
Darkest Hour: Europe 44-45,2008
Deadliest Catch: Alaskan Storm,2008
Deer Hunter Tournament,2008
Digital Combat Simulator,2008
Euro Truck Simulator,2008
Europa Universalis: Rome,2008
FIFA 09,2008
FIFA Manager 09,2008
Imperium Romanum,2008
Ironclads: American Civil War,2008
Kings Bounty: The Legend,2008
Kudos 2,2008
Lets Play Pet Hospitals,2008
Littlest Pet Shop,2008
Mare Nostrum,2008
MotoGP 08,2008
Mount & Blade,2008
Out of the Park Baseball,2008
The Political Machine 2008,2008
Prison Tycoon 4: Supermax,2008
Race Driver: Grid,2008
Silent Hunter 4: Wolves of the Pacific - U-Boat Missions,2008
SimCity Societies: Destinations,2008
The Sims 2: Apartment Life,2008
The Sims 2: FreeTime,2008
The Sims Castaway Stories,2008
Space Shuttle Mission 2007,2008
Spore Creature Creator,2008
Strike Fighters 2,2008
Stronghold: Crusader Extreme,2008
Tank Universal,2008
UEFA Euro 2008,2008
Vega Strike,2008
Wings Over Israel,2008
WolfQuest,2008
World of Goo,2008
X3: Terran Conflict,2008
Age of Pirates 2: City of Abandoned Ships,2009
Anno 1404,2009
ARMA 2,2009
Battlestations: Pacific,2009
Chocolatier: Decadence by Design,2009
Cities XL,2009
Colin McRae: Dirt 2,2009
Combined Arms,2009
FIFA 10,2009
FIFA Manager 10,2009
Grand Ages: Rome,2009
Greys Anatomy: The Video Game,2009
Majesty 2: The Fantasy Kingdom Sim,2009
Men of War,2009
Microsoft Train Simulator 2,2009
MLB Front Office Manager,2009
NBA 2K10,2009
Need for Speed: Shift,2009
Need for Speed: World,2009
Operation Flashpoint: Dragon Rising,2009
Plants vs. Zombies,2009
Rise of Flight: The First Great Air War,2009
The Sims 3,2009
Spore Galactic Adventures,2009
theHunter,2009
Tom Clancys H.A.W.X,2009
Tropico 3,2009
Virtua Tennis 2009,2009
Wheelman,2009
World of Zoo,2009
FIFA 11,2010
Mount & Blade: Warband,2010
Need for Speed: Hot Pursuit,2010
Silent Hunter 5: Battle of the Atlantic,2010
Top Gun,2010
Victoria II,2010
Anno 2070,2011
FIFA 12,2011
NBA 2K12,2011
Need for Speed: Shift 2 Unleashed,2011
SpaceChem,2011
Terraria,2011
FIFA 13,2012
FTL: Faster Than Light,2012
NBA 2K13,2012
Democracy 3,2013
Pixel Piracy,2013
Gang Beasts,2014
Grid Autosport,2014
MotoGP 14,2014
NBA 2K15,2014
The Stomping Land,2014
World of Diving,2014
Adrift,2015
AdvertCity,2015
MotoGP 15,2015
Need for Speed (2015),2015
Pony World 3,2015
Pro Evolution Soccer 2016,2015
Project Cars,2015
Reassembly,2015
Sonic Dreams Collection,2015
WWE 2K15,2015
Aqua Moto Racing Utopia,2016
Faces of War,2016
Fallout Shelter,2016
Hearts of Iron IV,2016
Overcooked,2016
WWE 2K16,2016
Flying Tigers: Shadows Over China,2017
MotoGP 17,2017
Oh...Sir! The Hollywood Roast,2017
Oh...Sir! The Insult Simulator,2017
Project Cars 2,2017
Snake Pass,2017
WWE 2K17,2017
WWE 2K18,2017
MapleStory 2,2018
The Messenger,2018
MotoGP 18,2018
Parkitect,2018
Pure Farming 2018,2018
WWE 2K19,2018
Clans to Kingdoms,2019
Democracy 4,2019
Dragon City,2019
Green Hell,2019
Grid,2019
MotoGP 19,2019
WWE 2K20,2019
Microsoft Flight Simulator,2020
MotoGP 20,2020
Project Cars 3,2020
Volta-X,2020
